,Job,Create,Start
0,a01,2023-10-06 10:15:17,2023-10-06 10:15:17
1,a02,2023-10-06 10:20:39,2023-10-06 10:21:03
2,a03,2023-10-06 10:37:39,2023-10-06 10:37:42
3,a04,2023-10-06 10:04:28,2023-10-06 10:04:28
4,a05,2023-10-06 10:26:15,2023-10-06 10:26:40
5,b01,2023-10-06 10:03:23,2023-10-06 10:03:23
6,b02,2023-10-06 10:26:40,2023-10-06 10:26:40
7,b03,2023-10-06 10:06:33,2023-10-06 10:08:50
8,b04,2023-10-06 10:09:56,2023-10-06 10:10:45
9,b05,2023-10-06 10:08:52,2023-10-06 10:09:53
10,c01,2023-10-06 10:26:41,2023-10-06 10:31:52
11,c02,2023-10-06 10:37:20,2023-10-06 10:37:38
12,c03,2023-10-06 10:31:53,2023-10-06 10:32:17
13,c04,2023-10-06 10:05:23,2023-10-06 10:05:23
14,c05,2023-10-06 10:32:18,2023-10-06 10:32:18
15,d01,2023-10-06 10:09:54,2023-10-06 10:09:54
16,d02,2023-10-06 10:21:04,2023-10-06 10:26:15
17,d03,2023-10-06 10:32:19,2023-10-06 10:37:19
18,d04,2023-10-06 10:10:49,2023-10-06 10:15:17
19,d05,2023-10-06 10:15:18,2023-10-06 10:20:39
